-- MySQL Script generated by MySQL Workbench
-- Thu Apr  2 17:55:35 2020
-- Model: New Model    Version: 1.0
-- MySQL Workbench Forward Engineering

SET @OLD_UNIQUE_CHECKS=@@UNIQUE_CHECKS, UNIQUE_CHECKS=0;
SET @OLD_FOREIGN_KEY_CHECKS=@@FOREIGN_KEY_CHECKS, FOREIGN_KEY_CHECKS=0;
SET @OLD_SQL_MODE=@@SQL_MODE, SQL_MODE='ONLY_FULL_GROUP_BY,STRICT_TRANS_TABLES,NO_ZERO_IN_DATE,NO_ZERO_DATE,ERROR_FOR_DIVISION_BY_ZERO,NO_ENGINE_SUBSTITUTION';

-- -----------------------------------------------------
-- Schema mydb
-- -----------------------------------------------------
DROP SCHEMA IF EXISTS `mydb` ;

-- -----------------------------------------------------
-- Schema mydb
-- -----------------------------------------------------
CREATE SCHEMA IF NOT EXISTS `mydb` DEFAULT CHARACTER SET utf8 ;
USE `mydb` ;

-- -----------------------------------------------------
-- Table `mydb`.`Appointment`
-- -----------------------------------------------------
DROP TABLE IF EXISTS `mydb`.`Appointment` ;

CREATE TABLE IF NOT EXISTS `mydb`.`Appointment` (
  `id` INT NOT NULL AUTO_INCREMENT,
  `desciption` VARCHAR(45) NOT NULL,
  `patient` INT NOT NULL,
  `staff_member` INT NOT NULL,
  `date_time` DATETIME NOT NULL,
  `location` INT NOT NULL,
  `duration` INT(5) NOT NULL,
  PRIMARY KEY (`id`),
  INDEX `appointment_patient_fk_idx` (`patient` ASC) VISIBLE,
  INDEX `appointment_staff_member_fk_idx` (`staff_member` ASC) VISIBLE,
  INDEX `appointment_location_fk_idx` (`location` ASC) VISIBLE,
  CONSTRAINT `appointment_patient_fk`
    FOREIGN KEY (`patient`)
    REFERENCES `mydb`.`Person` (`id`)
    ON DELETE NO ACTION
    ON UPDATE NO ACTION,
  CONSTRAINT `appointment_staff_member_fk`
    FOREIGN KEY (`staff_member`)
    REFERENCES `mydb`.`Person` (`id`)
    ON DELETE NO ACTION
    ON UPDATE NO ACTION,
  CONSTRAINT `appointment_location_fk`
    FOREIGN KEY (`location`)
    REFERENCES `mydb`.`Location` (`id`)
    ON DELETE NO ACTION
    ON UPDATE NO ACTION)
ENGINE = InnoDB;


-- -----------------------------------------------------
-- Table `mydb`.`Disease`
-- -----------------------------------------------------
DROP TABLE IF EXISTS `mydb`.`Disease` ;

CREATE TABLE IF NOT EXISTS `mydb`.`Disease` (
  `id` INT NOT NULL AUTO_INCREMENT,
  `name` VARCHAR(300) NOT NULL,
  PRIMARY KEY (`id`),
  UNIQUE INDEX `name_UNIQUE` (`name` ASC) VISIBLE)
ENGINE = InnoDB;


-- -----------------------------------------------------
-- Table `mydb`.`Disease_Person_Link`
-- -----------------------------------------------------
DROP TABLE IF EXISTS `mydb`.`Disease_Person_Link` ;

CREATE TABLE IF NOT EXISTS `mydb`.`Disease_Person_Link` (
  `disease` INT NOT NULL,
  `person` INT NOT NULL,
  PRIMARY KEY (`disease`, `person`),
  INDEX `disease_person_link_person_fk_idx` (`person` ASC) VISIBLE,
  CONSTRAINT `disease_person_link_disease_fk`
    FOREIGN KEY (`disease`)
    REFERENCES `mydb`.`Disease` (`id`)
    ON DELETE NO ACTION
    ON UPDATE NO ACTION,
  CONSTRAINT `disease_person_link_person_fk`
    FOREIGN KEY (`person`)
    REFERENCES `mydb`.`Person` (`id`)
    ON DELETE NO ACTION
    ON UPDATE NO ACTION)
ENGINE = InnoDB;


-- -----------------------------------------------------
-- Table `mydb`.`Disease_Symptom_Link`
-- -----------------------------------------------------
DROP TABLE IF EXISTS `mydb`.`Disease_Symptom_Link` ;

CREATE TABLE IF NOT EXISTS `mydb`.`Disease_Symptom_Link` (
  `disease` INT NOT NULL,
  `symptom` INT NOT NULL,
  PRIMARY KEY (`disease`, `symptom`),
  INDEX `disease_symptom_link_symptom_fk_idx` (`symptom` ASC) VISIBLE,
  CONSTRAINT `disease_symptom_link_disease_fk`
    FOREIGN KEY (`disease`)
    REFERENCES `mydb`.`Disease` (`id`)
    ON DELETE NO ACTION
    ON UPDATE NO ACTION,
  CONSTRAINT `disease_symptom_link_symptom_fk`
    FOREIGN KEY (`symptom`)
    REFERENCES `mydb`.`Symptom` (`id`)
    ON DELETE NO ACTION
    ON UPDATE NO ACTION)
ENGINE = InnoDB;


-- -----------------------------------------------------
-- Table `mydb`.`Disease_Treatment_Link`
-- -----------------------------------------------------
DROP TABLE IF EXISTS `mydb`.`Disease_Treatment_Link` ;

CREATE TABLE IF NOT EXISTS `mydb`.`Disease_Treatment_Link` (
  `disease` INT NOT NULL,
  `treatment` INT NOT NULL,
  PRIMARY KEY (`disease`, `treatment`),
  INDEX `disease_treatment_link_treatment_fk_idx` (`treatment` ASC) VISIBLE,
  CONSTRAINT `disease_treatment_link_disease_fk`
    FOREIGN KEY (`disease`)
    REFERENCES `mydb`.`Disease` (`id`)
    ON DELETE NO ACTION
    ON UPDATE NO ACTION,
  CONSTRAINT `disease_treatment_link_treatment_fk`
    FOREIGN KEY (`treatment`)
    REFERENCES `mydb`.`Treatment` (`id`)
    ON DELETE NO ACTION
    ON UPDATE NO ACTION)
ENGINE = InnoDB;


-- -----------------------------------------------------
-- Table `mydb`.`Drug`
-- -----------------------------------------------------
DROP TABLE IF EXISTS `mydb`.`Drug` ;

CREATE TABLE IF NOT EXISTS `mydb`.`Drug` (
  `id` INT NOT NULL AUTO_INCREMENT,
  `name` VARCHAR(300) NOT NULL,
  PRIMARY KEY (`id`),
  UNIQUE INDEX `name_UNIQUE` (`name` ASC) VISIBLE)
ENGINE = InnoDB;


-- -----------------------------------------------------
-- Table `mydb`.`Drug_Prescription_Link`
-- -----------------------------------------------------
DROP TABLE IF EXISTS `mydb`.`Drug_Prescription_Link` ;

CREATE TABLE IF NOT EXISTS `mydb`.`Drug_Prescription_Link` (
  `drug` INT NOT NULL,
  `prescription` INT NOT NULL,
  PRIMARY KEY (`drug`, `prescription`),
  INDEX `drug_prescription_link_prescription_fk_idx` (`prescription` ASC) VISIBLE,
  CONSTRAINT `drug_prescription_link_drug_fk`
    FOREIGN KEY (`drug`)
    REFERENCES `mydb`.`Drug` (`id`)
    ON DELETE NO ACTION
    ON UPDATE NO ACTION,
  CONSTRAINT `drug_prescription_link_prescription_fk`
    FOREIGN KEY (`prescription`)
    REFERENCES `mydb`.`Prescription` (`id`)
    ON DELETE NO ACTION
    ON UPDATE NO ACTION)
ENGINE = InnoDB;


-- -----------------------------------------------------
-- Table `mydb`.`Drug_Treatment_Link`
-- -----------------------------------------------------
DROP TABLE IF EXISTS `mydb`.`Drug_Treatment_Link` ;

CREATE TABLE IF NOT EXISTS `mydb`.`Drug_Treatment_Link` (
  `drug` INT NOT NULL,
  `treatment` INT NOT NULL,
  PRIMARY KEY (`drug`, `treatment`),
  INDEX `drug_treatment_link_treatment_fk_idx` (`treatment` ASC) VISIBLE,
  CONSTRAINT `drug_treatment_link_drug_fk`
    FOREIGN KEY (`drug`)
    REFERENCES `mydb`.`Drug` (`id`)
    ON DELETE NO ACTION
    ON UPDATE NO ACTION,
  CONSTRAINT `drug_treatment_link_treatment_fk`
    FOREIGN KEY (`treatment`)
    REFERENCES `mydb`.`Treatment` (`id`)
    ON DELETE NO ACTION
    ON UPDATE NO ACTION)
ENGINE = InnoDB;


-- -----------------------------------------------------
-- Table `mydb`.`Location`
-- -----------------------------------------------------
DROP TABLE IF EXISTS `mydb`.`Location` ;

CREATE TABLE IF NOT EXISTS `mydb`.`Location` (
  `id` INT NOT NULL AUTO_INCREMENT,
  `address_line` VARCHAR(45) NOT NULL,
  `city` VARCHAR(45) NOT NULL,
  `postcode` VARCHAR(45) NOT NULL,
  `type` VARCHAR(45) NOT NULL,
  PRIMARY KEY (`id`),
  UNIQUE INDEX `address_line_one_UNIQUE` (`address_line` ASC) VISIBLE)
ENGINE = InnoDB;


-- -----------------------------------------------------
-- Table `mydb`.`Person`
-- -----------------------------------------------------
DROP TABLE IF EXISTS `mydb`.`Person` ;

CREATE TABLE IF NOT EXISTS `mydb`.`Person` (
  `id` INT NOT NULL AUTO_INCREMENT,
  `first_name` VARCHAR(45) NOT NULL,
  `last_name` VARCHAR(45) NOT NULL,
  `dob` DATE NULL,
  `gender` TINYINT(1) NULL,
  `email` VARCHAR(45) NOT NULL,
  `phone` VARCHAR(15) NOT NULL,
  `address` INT NOT NULL,
  `role` INT NOT NULL,
  `username` VARCHAR(45) NOT NULL,
  `password` VARCHAR(45) NOT NULL,
  PRIMARY KEY (`id`),
  INDEX `person_role_fk_idx` (`role` ASC) VISIBLE,
  INDEX `Person_location_fk_idx` (`address` ASC) VISIBLE,
  UNIQUE INDEX `username_UNIQUE` (`username` ASC) VISIBLE,
  CONSTRAINT `person_role_fk`
    FOREIGN KEY (`role`)
    REFERENCES `mydb`.`Role` (`id`)
    ON DELETE NO ACTION
    ON UPDATE NO ACTION,
  CONSTRAINT `person_location_fk`
    FOREIGN KEY (`address`)
    REFERENCES `mydb`.`Location` (`id`)
    ON DELETE NO ACTION
    ON UPDATE NO ACTION)
ENGINE = InnoDB;


-- -----------------------------------------------------
-- Table `mydb`.`Prescription`
-- -----------------------------------------------------
DROP TABLE IF EXISTS `mydb`.`Prescription` ;

CREATE TABLE IF NOT EXISTS `mydb`.`Prescription` (
  `id` INT NOT NULL AUTO_INCREMENT,
  `patient` INT NOT NULL,
  `date` DATE NOT NULL,
  `quantity` INT(3) NOT NULL,
  `location` INT NOT NULL,
  PRIMARY KEY (`id`),
  INDEX `prescription_patient_fk_idx` (`patient` ASC) VISIBLE,
  INDEX `prescription_location_fk_idx` (`location` ASC) VISIBLE,
  CONSTRAINT `prescription_patient_fk`
    FOREIGN KEY (`patient`)
    REFERENCES `mydb`.`Person` (`id`)
    ON DELETE NO ACTION
    ON UPDATE NO ACTION,
  CONSTRAINT `prescription_location_fk`
    FOREIGN KEY (`location`)
    REFERENCES `mydb`.`Location` (`id`)
    ON DELETE NO ACTION
    ON UPDATE NO ACTION)
ENGINE = InnoDB;


-- -----------------------------------------------------
-- Table `mydb`.`Report`
-- -----------------------------------------------------
DROP TABLE IF EXISTS `mydb`.`Report` ;

CREATE TABLE IF NOT EXISTS `mydb`.`Report` (
  `id` INT NOT NULL AUTO_INCREMENT,
  `name` VARCHAR(300) NOT NULL,
  `requester` INT NOT NULL,
  `approved` TINYINT(1) NULL,
  `max_age` INT(3) NULL,
  `min_age` INT(3) NULL,
  `male` TINYINT(1) NULL,
  `female` TINYINT(1) NULL,
  `disease` INT NULL,
  PRIMARY KEY (`id`),
  INDEX `report_requester_fk_idx` (`requester` ASC) VISIBLE,
  UNIQUE INDEX `name_UNIQUE` (`name` ASC) VISIBLE,
  INDEX `report_disease_fk_idx` (`disease` ASC) VISIBLE,
  CONSTRAINT `report_requester_fk`
    FOREIGN KEY (`requester`)
    REFERENCES `mydb`.`Person` (`id`)
    ON DELETE NO ACTION
    ON UPDATE NO ACTION,
  CONSTRAINT `report_disease_fk`
    FOREIGN KEY (`disease`)
    REFERENCES `mydb`.`Disease` (`id`)
    ON DELETE NO ACTION
    ON UPDATE NO ACTION)
ENGINE = InnoDB;


-- -----------------------------------------------------
-- Table `mydb`.`Role`
-- -----------------------------------------------------
DROP TABLE IF EXISTS `mydb`.`Role` ;

CREATE TABLE IF NOT EXISTS `mydb`.`Role` (
  `id` INT NOT NULL AUTO_INCREMENT,
  `name` VARCHAR(45) NOT NULL,
  `access_level` INT(1) NOT NULL,
  PRIMARY KEY (`id`),
  UNIQUE INDEX `name_UNIQUE` (`name` ASC) VISIBLE)
ENGINE = InnoDB;


-- -----------------------------------------------------
-- Table `mydb`.`Symptom`
-- -----------------------------------------------------
DROP TABLE IF EXISTS `mydb`.`Symptom` ;

CREATE TABLE IF NOT EXISTS `mydb`.`Symptom` (
  `id` INT NOT NULL AUTO_INCREMENT,
  `name` VARCHAR(300) NOT NULL,
  PRIMARY KEY (`id`),
  UNIQUE INDEX `name_UNIQUE` (`name` ASC) VISIBLE)
ENGINE = InnoDB;


-- -----------------------------------------------------
-- Table `mydb`.`Treatment`
-- -----------------------------------------------------
DROP TABLE IF EXISTS `mydb`.`Treatment` ;

CREATE TABLE IF NOT EXISTS `mydb`.`Treatment` (
  `id` INT NOT NULL AUTO_INCREMENT,
  `name` VARCHAR(300) NOT NULL,
  PRIMARY KEY (`id`),
  UNIQUE INDEX `name_UNIQUE` (`name` ASC) VISIBLE)
ENGINE = InnoDB;


SET SQL_MODE=@OLD_SQL_MODE;
SET FOREIGN_KEY_CHECKS=@OLD_FOREIGN_KEY_CHECKS;
SET UNIQUE_CHECKS=@OLD_UNIQUE_CHECKS;

-- -----------------------------------------------------
-- Data for table `mydb`.`Appointment`
-- -----------------------------------------------------
START TRANSACTION;
USE `mydb`;
INSERT INTO `mydb`.`Appointment` (`id`, `desciption`, `patient`, `staff_member`, `date_time`, `location`, `duration`) VALUES (1, 'GP Appointment', 6, 1, '2020-05-01 09:00:00', 14, 10);
INSERT INTO `mydb`.`Appointment` (`id`, `desciption`, `patient`, `staff_member`, `date_time`, `location`, `duration`) VALUES (2, 'Nurse Appointment', 6, 5, '2020-05-02 09:00:00', 14, 5);
INSERT INTO `mydb`.`Appointment` (`id`, `desciption`, `patient`, `staff_member`, `date_time`, `location`, `duration`) VALUES (3, 'Nurse Appointment', 6, 5, '2020-05-03 09:00:00', 14, 5);

COMMIT;


-- -----------------------------------------------------
-- Data for table `mydb`.`Disease`
-- -----------------------------------------------------
START TRANSACTION;
USE `mydb`;
INSERT INTO `mydb`.`Disease` (`id`, `name`) VALUES (1, 'broken ankle');
INSERT INTO `mydb`.`Disease` (`id`, `name`) VALUES (2, 'heel pain');
INSERT INTO `mydb`.`Disease` (`id`, `name`) VALUES (3, 'oedema');
INSERT INTO `mydb`.`Disease` (`id`, `name`) VALUES (4, 'restless legs syndrome');
INSERT INTO `mydb`.`Disease` (`id`, `name`) VALUES (5, 'sprains and strains');
INSERT INTO `mydb`.`Disease` (`id`, `name`) VALUES (6, 'varicose eczema');
INSERT INTO `mydb`.`Disease` (`id`, `name`) VALUES (7, 'baker\'s cyst');
INSERT INTO `mydb`.`Disease` (`id`, `name`) VALUES (8, 'broken leg');
INSERT INTO `mydb`.`Disease` (`id`, `name`) VALUES (9, 'charcot-marie-tooth disease');
INSERT INTO `mydb`.`Disease` (`id`, `name`) VALUES (10, 'deep vein thrombosis');

COMMIT;


-- -----------------------------------------------------
-- Data for table `mydb`.`Disease_Person_Link`
-- -----------------------------------------------------
START TRANSACTION;
USE `mydb`;
INSERT INTO `mydb`.`Disease_Person_Link` (`disease`, `person`) VALUES (1, 6);
INSERT INTO `mydb`.`Disease_Person_Link` (`disease`, `person`) VALUES (2, 6);
INSERT INTO `mydb`.`Disease_Person_Link` (`disease`, `person`) VALUES (5, 6);

COMMIT;


-- -----------------------------------------------------
-- Data for table `mydb`.`Disease_Symptom_Link`
-- -----------------------------------------------------
START TRANSACTION;
USE `mydb`;
INSERT INTO `mydb`.`Disease_Symptom_Link` (`disease`, `symptom`) VALUES (1, 1);
INSERT INTO `mydb`.`Disease_Symptom_Link` (`disease`, `symptom`) VALUES (1, 2);
INSERT INTO `mydb`.`Disease_Symptom_Link` (`disease`, `symptom`) VALUES (1, 3);
INSERT INTO `mydb`.`Disease_Symptom_Link` (`disease`, `symptom`) VALUES (1, 4);
INSERT INTO `mydb`.`Disease_Symptom_Link` (`disease`, `symptom`) VALUES (1, 5);
INSERT INTO `mydb`.`Disease_Symptom_Link` (`disease`, `symptom`) VALUES (1, 6);
INSERT INTO `mydb`.`Disease_Symptom_Link` (`disease`, `symptom`) VALUES (1, 7);
INSERT INTO `mydb`.`Disease_Symptom_Link` (`disease`, `symptom`) VALUES (1, 8);
INSERT INTO `mydb`.`Disease_Symptom_Link` (`disease`, `symptom`) VALUES (2, 9);
INSERT INTO `mydb`.`Disease_Symptom_Link` (`disease`, `symptom`) VALUES (3, 10);
INSERT INTO `mydb`.`Disease_Symptom_Link` (`disease`, `symptom`) VALUES (3, 11);
INSERT INTO `mydb`.`Disease_Symptom_Link` (`disease`, `symptom`) VALUES (3, 12);
INSERT INTO `mydb`.`Disease_Symptom_Link` (`disease`, `symptom`) VALUES (3, 13);
INSERT INTO `mydb`.`Disease_Symptom_Link` (`disease`, `symptom`) VALUES (3, 14);
INSERT INTO `mydb`.`Disease_Symptom_Link` (`disease`, `symptom`) VALUES (4, 15);
INSERT INTO `mydb`.`Disease_Symptom_Link` (`disease`, `symptom`) VALUES (4, 16);
INSERT INTO `mydb`.`Disease_Symptom_Link` (`disease`, `symptom`) VALUES (4, 17);
INSERT INTO `mydb`.`Disease_Symptom_Link` (`disease`, `symptom`) VALUES (4, 18);
INSERT INTO `mydb`.`Disease_Symptom_Link` (`disease`, `symptom`) VALUES (4, 19);
INSERT INTO `mydb`.`Disease_Symptom_Link` (`disease`, `symptom`) VALUES (4, 20);
INSERT INTO `mydb`.`Disease_Symptom_Link` (`disease`, `symptom`) VALUES (4, 21);
INSERT INTO `mydb`.`Disease_Symptom_Link` (`disease`, `symptom`) VALUES (5, 22);
INSERT INTO `mydb`.`Disease_Symptom_Link` (`disease`, `symptom`) VALUES (5, 23);
INSERT INTO `mydb`.`Disease_Symptom_Link` (`disease`, `symptom`) VALUES (5, 24);
INSERT INTO `mydb`.`Disease_Symptom_Link` (`disease`, `symptom`) VALUES (5, 25);
INSERT INTO `mydb`.`Disease_Symptom_Link` (`disease`, `symptom`) VALUES (5, 26);
INSERT INTO `mydb`.`Disease_Symptom_Link` (`disease`, `symptom`) VALUES (5, 27);
INSERT INTO `mydb`.`Disease_Symptom_Link` (`disease`, `symptom`) VALUES (5, 28);
INSERT INTO `mydb`.`Disease_Symptom_Link` (`disease`, `symptom`) VALUES (5, 29);
INSERT INTO `mydb`.`Disease_Symptom_Link` (`disease`, `symptom`) VALUES (5, 30);
INSERT INTO `mydb`.`Disease_Symptom_Link` (`disease`, `symptom`) VALUES (6, 31);
INSERT INTO `mydb`.`Disease_Symptom_Link` (`disease`, `symptom`) VALUES (6, 32);
INSERT INTO `mydb`.`Disease_Symptom_Link` (`disease`, `symptom`) VALUES (6, 33);
INSERT INTO `mydb`.`Disease_Symptom_Link` (`disease`, `symptom`) VALUES (6, 34);
INSERT INTO `mydb`.`Disease_Symptom_Link` (`disease`, `symptom`) VALUES (6, 35);
INSERT INTO `mydb`.`Disease_Symptom_Link` (`disease`, `symptom`) VALUES (6, 36);
INSERT INTO `mydb`.`Disease_Symptom_Link` (`disease`, `symptom`) VALUES (6, 37);
INSERT INTO `mydb`.`Disease_Symptom_Link` (`disease`, `symptom`) VALUES (6, 38);
INSERT INTO `mydb`.`Disease_Symptom_Link` (`disease`, `symptom`) VALUES (6, 39);
INSERT INTO `mydb`.`Disease_Symptom_Link` (`disease`, `symptom`) VALUES (6, 40);
INSERT INTO `mydb`.`Disease_Symptom_Link` (`disease`, `symptom`) VALUES (7, 41);
INSERT INTO `mydb`.`Disease_Symptom_Link` (`disease`, `symptom`) VALUES (7, 42);
INSERT INTO `mydb`.`Disease_Symptom_Link` (`disease`, `symptom`) VALUES (7, 43);
INSERT INTO `mydb`.`Disease_Symptom_Link` (`disease`, `symptom`) VALUES (7, 44);
INSERT INTO `mydb`.`Disease_Symptom_Link` (`disease`, `symptom`) VALUES (8, 45);
INSERT INTO `mydb`.`Disease_Symptom_Link` (`disease`, `symptom`) VALUES (8, 46);
INSERT INTO `mydb`.`Disease_Symptom_Link` (`disease`, `symptom`) VALUES (8, 47);
INSERT INTO `mydb`.`Disease_Symptom_Link` (`disease`, `symptom`) VALUES (9, 48);
INSERT INTO `mydb`.`Disease_Symptom_Link` (`disease`, `symptom`) VALUES (9, 49);
INSERT INTO `mydb`.`Disease_Symptom_Link` (`disease`, `symptom`) VALUES (9, 50);
INSERT INTO `mydb`.`Disease_Symptom_Link` (`disease`, `symptom`) VALUES (9, 51);
INSERT INTO `mydb`.`Disease_Symptom_Link` (`disease`, `symptom`) VALUES (9, 52);
INSERT INTO `mydb`.`Disease_Symptom_Link` (`disease`, `symptom`) VALUES (9, 53);
INSERT INTO `mydb`.`Disease_Symptom_Link` (`disease`, `symptom`) VALUES (9, 54);
INSERT INTO `mydb`.`Disease_Symptom_Link` (`disease`, `symptom`) VALUES (10, 55);
INSERT INTO `mydb`.`Disease_Symptom_Link` (`disease`, `symptom`) VALUES (10, 56);
INSERT INTO `mydb`.`Disease_Symptom_Link` (`disease`, `symptom`) VALUES (10, 57);
INSERT INTO `mydb`.`Disease_Symptom_Link` (`disease`, `symptom`) VALUES (10, 58);
INSERT INTO `mydb`.`Disease_Symptom_Link` (`disease`, `symptom`) VALUES (10, 59);
INSERT INTO `mydb`.`Disease_Symptom_Link` (`disease`, `symptom`) VALUES (10, 32);

COMMIT;


-- -----------------------------------------------------
-- Data for table `mydb`.`Disease_Treatment_Link`
-- -----------------------------------------------------
START TRANSACTION;
USE `mydb`;
INSERT INTO `mydb`.`Disease_Treatment_Link` (`disease`, `treatment`) VALUES (1, 1);
INSERT INTO `mydb`.`Disease_Treatment_Link` (`disease`, `treatment`) VALUES (1, 2);
INSERT INTO `mydb`.`Disease_Treatment_Link` (`disease`, `treatment`) VALUES (1, 3);
INSERT INTO `mydb`.`Disease_Treatment_Link` (`disease`, `treatment`) VALUES (1, 4);
INSERT INTO `mydb`.`Disease_Treatment_Link` (`disease`, `treatment`) VALUES (1, 5);
INSERT INTO `mydb`.`Disease_Treatment_Link` (`disease`, `treatment`) VALUES (1, 6);
INSERT INTO `mydb`.`Disease_Treatment_Link` (`disease`, `treatment`) VALUES (2, 7);
INSERT INTO `mydb`.`Disease_Treatment_Link` (`disease`, `treatment`) VALUES (2, 8);
INSERT INTO `mydb`.`Disease_Treatment_Link` (`disease`, `treatment`) VALUES (2, 1);
INSERT INTO `mydb`.`Disease_Treatment_Link` (`disease`, `treatment`) VALUES (2, 9);
INSERT INTO `mydb`.`Disease_Treatment_Link` (`disease`, `treatment`) VALUES (2, 10);
INSERT INTO `mydb`.`Disease_Treatment_Link` (`disease`, `treatment`) VALUES (3, 11);
INSERT INTO `mydb`.`Disease_Treatment_Link` (`disease`, `treatment`) VALUES (3, 12);
INSERT INTO `mydb`.`Disease_Treatment_Link` (`disease`, `treatment`) VALUES (3, 13);
INSERT INTO `mydb`.`Disease_Treatment_Link` (`disease`, `treatment`) VALUES (3, 14);
INSERT INTO `mydb`.`Disease_Treatment_Link` (`disease`, `treatment`) VALUES (4, 15);
INSERT INTO `mydb`.`Disease_Treatment_Link` (`disease`, `treatment`) VALUES (4, 16);
INSERT INTO `mydb`.`Disease_Treatment_Link` (`disease`, `treatment`) VALUES (5, 17);
INSERT INTO `mydb`.`Disease_Treatment_Link` (`disease`, `treatment`) VALUES (5, 18);
INSERT INTO `mydb`.`Disease_Treatment_Link` (`disease`, `treatment`) VALUES (5, 1);
INSERT INTO `mydb`.`Disease_Treatment_Link` (`disease`, `treatment`) VALUES (5, 19);
INSERT INTO `mydb`.`Disease_Treatment_Link` (`disease`, `treatment`) VALUES (6, 20);
INSERT INTO `mydb`.`Disease_Treatment_Link` (`disease`, `treatment`) VALUES (6, 21);
INSERT INTO `mydb`.`Disease_Treatment_Link` (`disease`, `treatment`) VALUES (6, 22);
INSERT INTO `mydb`.`Disease_Treatment_Link` (`disease`, `treatment`) VALUES (6, 23);
INSERT INTO `mydb`.`Disease_Treatment_Link` (`disease`, `treatment`) VALUES (7, 1);
INSERT INTO `mydb`.`Disease_Treatment_Link` (`disease`, `treatment`) VALUES (7, 24);
INSERT INTO `mydb`.`Disease_Treatment_Link` (`disease`, `treatment`) VALUES (8, 25);
INSERT INTO `mydb`.`Disease_Treatment_Link` (`disease`, `treatment`) VALUES (8, 26);
INSERT INTO `mydb`.`Disease_Treatment_Link` (`disease`, `treatment`) VALUES (8, 6);
INSERT INTO `mydb`.`Disease_Treatment_Link` (`disease`, `treatment`) VALUES (9, 27);
INSERT INTO `mydb`.`Disease_Treatment_Link` (`disease`, `treatment`) VALUES (9, 28);
INSERT INTO `mydb`.`Disease_Treatment_Link` (`disease`, `treatment`) VALUES (9, 29);
INSERT INTO `mydb`.`Disease_Treatment_Link` (`disease`, `treatment`) VALUES (9, 30);
INSERT INTO `mydb`.`Disease_Treatment_Link` (`disease`, `treatment`) VALUES (10, 31);

COMMIT;


-- -----------------------------------------------------
-- Data for table `mydb`.`Drug`
-- -----------------------------------------------------
START TRANSACTION;
USE `mydb`;
INSERT INTO `mydb`.`Drug` (`id`, `name`) VALUES (1, 'amoxicillin');
INSERT INTO `mydb`.`Drug` (`id`, `name`) VALUES (2, 'doxycycline');
INSERT INTO `mydb`.`Drug` (`id`, `name`) VALUES (3, 'cephalexin');
INSERT INTO `mydb`.`Drug` (`id`, `name`) VALUES (4, 'ciprofloxacin');
INSERT INTO `mydb`.`Drug` (`id`, `name`) VALUES (5, 'clindamycin');
INSERT INTO `mydb`.`Drug` (`id`, `name`) VALUES (6, 'metronidazole');
INSERT INTO `mydb`.`Drug` (`id`, `name`) VALUES (7, 'azithromycin');

COMMIT;


-- -----------------------------------------------------
-- Data for table `mydb`.`Drug_Prescription_Link`
-- -----------------------------------------------------
START TRANSACTION;
USE `mydb`;
INSERT INTO `mydb`.`Drug_Prescription_Link` (`drug`, `prescription`) VALUES (1, 1);
INSERT INTO `mydb`.`Drug_Prescription_Link` (`drug`, `prescription`) VALUES (2, 2);
INSERT INTO `mydb`.`Drug_Prescription_Link` (`drug`, `prescription`) VALUES (3, 3);

COMMIT;


-- -----------------------------------------------------
-- Data for table `mydb`.`Drug_Treatment_Link`
-- -----------------------------------------------------
START TRANSACTION;
USE `mydb`;
INSERT INTO `mydb`.`Drug_Treatment_Link` (`drug`, `treatment`) VALUES (1, 1);
INSERT INTO `mydb`.`Drug_Treatment_Link` (`drug`, `treatment`) VALUES (2, 1);
INSERT INTO `mydb`.`Drug_Treatment_Link` (`drug`, `treatment`) VALUES (3, 1);

COMMIT;


-- -----------------------------------------------------
-- Data for table `mydb`.`Location`
-- -----------------------------------------------------
START TRANSACTION;
USE `mydb`;
INSERT INTO `mydb`.`Location` (`id`, `address_line`, `city`, `postcode`, `type`) VALUES (1, '1 London Road', 'Southampton', 'SO16 7GP', 'Home');
INSERT INTO `mydb`.`Location` (`id`, `address_line`, `city`, `postcode`, `type`) VALUES (2, '2 London Road', 'Southampton', 'SO16 7GP', 'Home');
INSERT INTO `mydb`.`Location` (`id`, `address_line`, `city`, `postcode`, `type`) VALUES (3, '3 London Road', 'Southampton', 'SO16 7GP', 'Home');
INSERT INTO `mydb`.`Location` (`id`, `address_line`, `city`, `postcode`, `type`) VALUES (4, '4 London Road', 'Southampton', 'SO16 7GP', 'Home');
INSERT INTO `mydb`.`Location` (`id`, `address_line`, `city`, `postcode`, `type`) VALUES (5, '5 London Road', 'Southampton', 'SO16 7GP', 'Home');
INSERT INTO `mydb`.`Location` (`id`, `address_line`, `city`, `postcode`, `type`) VALUES (6, '6 London Road', 'Southampton', 'SO16 7GP', 'Home');
INSERT INTO `mydb`.`Location` (`id`, `address_line`, `city`, `postcode`, `type`) VALUES (7, '7 London Road', 'Southampton', 'SO16 7GP', 'Home');
INSERT INTO `mydb`.`Location` (`id`, `address_line`, `city`, `postcode`, `type`) VALUES (8, '8 London Road', 'Southampton', 'SO16 7GP', 'Home');
INSERT INTO `mydb`.`Location` (`id`, `address_line`, `city`, `postcode`, `type`) VALUES (9, '9 London Road', 'Southampton', 'SO16 7GP', 'Home');
INSERT INTO `mydb`.`Location` (`id`, `address_line`, `city`, `postcode`, `type`) VALUES (10, '10 London Road', 'Southampton', 'SO16 7GP', 'Home');
INSERT INTO `mydb`.`Location` (`id`, `address_line`, `city`, `postcode`, `type`) VALUES (11, '10 The High Street', 'Southampton', 'SO19 5RV', 'Pharmacy');
INSERT INTO `mydb`.`Location` (`id`, `address_line`, `city`, `postcode`, `type`) VALUES (12, '11 Rolling Road', 'Southampton', 'SO10 2TP', 'Pharmacy');
INSERT INTO `mydb`.`Location` (`id`, `address_line`, `city`, `postcode`, `type`) VALUES (13, '12 Sandpark Square', 'Southampton', 'SO16 4RL', 'Surgery');
INSERT INTO `mydb`.`Location` (`id`, `address_line`, `city`, `postcode`, `type`) VALUES (14, '13 Java Lane', 'Southampton', 'SO16 7GP', 'Surgery');
INSERT INTO `mydb`.`Location` (`id`, `address_line`, `city`, `postcode`, `type`) VALUES (15, '14 Cresent Place', 'Southampton', 'SO01 9UI', 'Hospital');
INSERT INTO `mydb`.`Location` (`id`, `address_line`, `city`, `postcode`, `type`) VALUES (16, '15 London Road', 'Southampton', 'SO23 6YP', 'Hospital');

COMMIT;


-- -----------------------------------------------------
-- Data for table `mydb`.`Person`
-- -----------------------------------------------------
START TRANSACTION;
USE `mydb`;
INSERT INTO `mydb`.`Person` (`id`, `first_name`, `last_name`, `dob`, `gender`, `email`, `phone`, `address`, `role`, `username`, `password`) VALUES (id, 'first_name', 'last_name', 'dob', gender, 'email', 'phone', address, role, 'username', 'password');
INSERT INTO `mydb`.`Person` (`id`, `first_name`, `last_name`, `dob`, `gender`, `email`, `phone`, `address`, `role`, `username`, `password`) VALUES (1, 'Robin', 'Wright', '08/04/1966', 1, 'rw@gmail.com', '07771111111', 1, 1, 'robinwright', 'rw123');
INSERT INTO `mydb`.`Person` (`id`, `first_name`, `last_name`, `dob`, `gender`, `email`, `phone`, `address`, `role`, `username`, `password`) VALUES (2, 'Tom', 'Cruise', '03/07/1962', 0, 'tc@gmail.com', '07772222222', 2, 2, 'tomcruise', 'tc123');
INSERT INTO `mydb`.`Person` (`id`, `first_name`, `last_name`, `dob`, `gender`, `email`, `phone`, `address`, `role`, `username`, `password`) VALUES (3, 'Matthew', 'Perry', '19/08/1969', 0, 'mp@gmail.com', '07773333333', 3, 3, 'matthewperry', 'mp123');
INSERT INTO `mydb`.`Person` (`id`, `first_name`, `last_name`, `dob`, `gender`, `email`, `phone`, `address`, `role`, `username`, `password`) VALUES (4, 'Andy', 'Samberg', '18/08/1978', 0, 'as@gmail.com', '07774444444', 4, 4, 'andysamberg', 'as123');
INSERT INTO `mydb`.`Person` (`id`, `first_name`, `last_name`, `dob`, `gender`, `email`, `phone`, `address`, `role`, `username`, `password`) VALUES (5, 'Jessica', 'Alba', '28/04/1981', 1, 'ja@gmail.com', '07775555555', 5, 5, 'jessicaalba', 'ja123');
INSERT INTO `mydb`.`Person` (`id`, `first_name`, `last_name`, `dob`, `gender`, `email`, `phone`, `address`, `role`, `username`, `password`) VALUES (6, 'Emma', 'Thompson', '15/04/1959', 1, 'et@gmail.com', '07776666666', 6, 6, 'emmathompson', 'et123');
INSERT INTO `mydb`.`Person` (`id`, `first_name`, `last_name`, `dob`, `gender`, `email`, `phone`, `address`, `role`, `username`, `password`) VALUES (7, 'Billy', 'Zane', '24/02/1966', 0, 'bz@gmail.com', '07777777777', 7, 7, 'billyzane', 'bz123');
INSERT INTO `mydb`.`Person` (`id`, `first_name`, `last_name`, `dob`, `gender`, `email`, `phone`, `address`, `role`, `username`, `password`) VALUES (8, 'Emma', 'Stone', '06/11/1988', 1, 'es@gmail.com', '07778888888', 8, 8, 'emmastone', 'es123');
INSERT INTO `mydb`.`Person` (`id`, `first_name`, `last_name`, `dob`, `gender`, `email`, `phone`, `address`, `role`, `username`, `password`) VALUES (9, 'Megan', 'Fox', '16/05/1986', 1, 'mf@gmail.com', '07779999999', 9, 9, 'meganfox', 'mf123');
INSERT INTO `mydb`.`Person` (`id`, `first_name`, `last_name`, `dob`, `gender`, `email`, `phone`, `address`, `role`, `username`, `password`) VALUES (10, 'Kate', 'Hudson', '19/04/1979', 1, 'kh@gmail.com', '07771010101', 1, 10, 'katehudson', 'kh123');

COMMIT;


-- -----------------------------------------------------
-- Data for table `mydb`.`Prescription`
-- -----------------------------------------------------
START TRANSACTION;
USE `mydb`;
INSERT INTO `mydb`.`Prescription` (`id`, `patient`, `date`, `quantity`, `location`) VALUES (1, 6, '2020-04-01', 14, 11);
INSERT INTO `mydb`.`Prescription` (`id`, `patient`, `date`, `quantity`, `location`) VALUES (2, 6, '2020-04-02', 14, 11);
INSERT INTO `mydb`.`Prescription` (`id`, `patient`, `date`, `quantity`, `location`) VALUES (3, 6, '2020-04-03', 14, 11);

COMMIT;


-- -----------------------------------------------------
-- Data for table `mydb`.`Report`
-- -----------------------------------------------------
START TRANSACTION;
USE `mydb`;
INSERT INTO `mydb`.`Report` (`id`, `name`, `requester`, `approved`, `max_age`, `min_age`, `male`, `female`, `disease`) VALUES (1, 'Broken Ankle Men Only', 9, 1, NULL, NULL, 1, NULL, 1);
INSERT INTO `mydb`.`Report` (`id`, `name`, `requester`, `approved`, `max_age`, `min_age`, `male`, `female`, `disease`) VALUES (2, 'Broken Ankle Women Only', 9, 0, NULL, NULL, NULL, 1, 1);
INSERT INTO `mydb`.`Report` (`id`, `name`, `requester`, `approved`, `max_age`, `min_age`, `male`, `female`, `disease`) VALUES (3, 'Heel Pain', 8, 1, NULL, NULL, NULL, NULL, 2);

COMMIT;


-- -----------------------------------------------------
-- Data for table `mydb`.`Role`
-- -----------------------------------------------------
START TRANSACTION;
USE `mydb`;
INSERT INTO `mydb`.`Role` (`id`, `name`, `access_level`) VALUES (1, 'Admin', 9);
INSERT INTO `mydb`.`Role` (`id`, `name`, `access_level`) VALUES (2, 'Doctor', 9);
INSERT INTO `mydb`.`Role` (`id`, `name`, `access_level`) VALUES (4, 'Government', 1);
INSERT INTO `mydb`.`Role` (`id`, `name`, `access_level`) VALUES (5, 'Nurse', 8);
INSERT INTO `mydb`.`Role` (`id`, `name`, `access_level`) VALUES (6, 'Patient', 0);
INSERT INTO `mydb`.`Role` (`id`, `name`, `access_level`) VALUES (7, 'Pharmacy', 1);
INSERT INTO `mydb`.`Role` (`id`, `name`, `access_level`) VALUES (8, 'Regulatory Body', 1);
INSERT INTO `mydb`.`Role` (`id`, `name`, `access_level`) VALUES (9, 'Research Company', 1);
INSERT INTO `mydb`.`Role` (`id`, `name`, `access_level`) VALUES (10, 'Staff', 7);

COMMIT;


-- -----------------------------------------------------
-- Data for table `mydb`.`Symptom`
-- -----------------------------------------------------
START TRANSACTION;
USE `mydb`;
INSERT INTO `mydb`.`Symptom` (`id`, `name`) VALUES (1, 'severe pain');
INSERT INTO `mydb`.`Symptom` (`id`, `name`) VALUES (2, 'swelling');
INSERT INTO `mydb`.`Symptom` (`id`, `name`) VALUES (3, 'bruising');
INSERT INTO `mydb`.`Symptom` (`id`, `name`) VALUES (4, 'difficulty moving foot');
INSERT INTO `mydb`.`Symptom` (`id`, `name`) VALUES (5, 'difficulty putting weight on foot');
INSERT INTO `mydb`.`Symptom` (`id`, `name`) VALUES (6, 'the ankle being an odd shape');
INSERT INTO `mydb`.`Symptom` (`id`, `name`) VALUES (7, 'a snap or grinding noise');
INSERT INTO `mydb`.`Symptom` (`id`, `name`) VALUES (8, 'bleeding');
INSERT INTO `mydb`.`Symptom` (`id`, `name`) VALUES (9, 'pain in heel');
INSERT INTO `mydb`.`Symptom` (`id`, `name`) VALUES (10, 'skin discolouration');
INSERT INTO `mydb`.`Symptom` (`id`, `name`) VALUES (11, 'pitting oedema');
INSERT INTO `mydb`.`Symptom` (`id`, `name`) VALUES (12, 'aching');
INSERT INTO `mydb`.`Symptom` (`id`, `name`) VALUES (13, 'stiff joints');
INSERT INTO `mydb`.`Symptom` (`id`, `name`) VALUES (14, 'weight gain');
INSERT INTO `mydb`.`Symptom` (`id`, `name`) VALUES (15, 'creepy-crawly feeling');
INSERT INTO `mydb`.`Symptom` (`id`, `name`) VALUES (16, 'feeling different');
INSERT INTO `mydb`.`Symptom` (`id`, `name`) VALUES (17, 'a painful');
INSERT INTO `mydb`.`Symptom` (`id`, `name`) VALUES (18, 'tingling');
INSERT INTO `mydb`.`Symptom` (`id`, `name`) VALUES (19, 'burning');
INSERT INTO `mydb`.`Symptom` (`id`, `name`) VALUES (20, 'itching');
INSERT INTO `mydb`.`Symptom` (`id`, `name`) VALUES (21, 'throbbing');
INSERT INTO `mydb`.`Symptom` (`id`, `name`) VALUES (22, 'pain around the affected joint');
INSERT INTO `mydb`.`Symptom` (`id`, `name`) VALUES (23, 'inability to put weight on it');
INSERT INTO `mydb`.`Symptom` (`id`, `name`) VALUES (24, 'swelling');
INSERT INTO `mydb`.`Symptom` (`id`, `name`) VALUES (25, 'inability to use the joint normally');
INSERT INTO `mydb`.`Symptom` (`id`, `name`) VALUES (26, 'bruising and tenderness');
INSERT INTO `mydb`.`Symptom` (`id`, `name`) VALUES (27, 'redness');
INSERT INTO `mydb`.`Symptom` (`id`, `name`) VALUES (28, 'pain in the affected muscle at rest');
INSERT INTO `mydb`.`Symptom` (`id`, `name`) VALUES (29, 'pain in the muscle or associated joint during use');
INSERT INTO `mydb`.`Symptom` (`id`, `name`) VALUES (30, 'muscle spasms');
INSERT INTO `mydb`.`Symptom` (`id`, `name`) VALUES (31, 'itchy skin');
INSERT INTO `mydb`.`Symptom` (`id`, `name`) VALUES (32, 'red skin');
INSERT INTO `mydb`.`Symptom` (`id`, `name`) VALUES (33, 'dry and flaky skin');
INSERT INTO `mydb`.`Symptom` (`id`, `name`) VALUES (34, 'scaly or crusty skin');
INSERT INTO `mydb`.`Symptom` (`id`, `name`) VALUES (35, 'swollen skin');
INSERT INTO `mydb`.`Symptom` (`id`, `name`) VALUES (36, 'brown discolouration of the skin');
INSERT INTO `mydb`.`Symptom` (`id`, `name`) VALUES (37, 'lipodermatosclerosis');
INSERT INTO `mydb`.`Symptom` (`id`, `name`) VALUES (38, 'small');
INSERT INTO `mydb`.`Symptom` (`id`, `name`) VALUES (39, 'pain');
INSERT INTO `mydb`.`Symptom` (`id`, `name`) VALUES (40, 'eczema affecting other parts of the body');
INSERT INTO `mydb`.`Symptom` (`id`, `name`) VALUES (41, 'pain in the calf');
INSERT INTO `mydb`.`Symptom` (`id`, `name`) VALUES (42, 'a build-up of fluid around the knee');
INSERT INTO `mydb`.`Symptom` (`id`, `name`) VALUES (43, 'occasional locking or clicking in the knee joint');
INSERT INTO `mydb`.`Symptom` (`id`, `name`) VALUES (44, 'pain in the knee');
INSERT INTO `mydb`.`Symptom` (`id`, `name`) VALUES (45, 'severely painful leg');
INSERT INTO `mydb`.`Symptom` (`id`, `name`) VALUES (46, 'swollen leg');
INSERT INTO `mydb`.`Symptom` (`id`, `name`) VALUES (47, 'bruised');
INSERT INTO `mydb`.`Symptom` (`id`, `name`) VALUES (48, 'muscle weakness');
INSERT INTO `mydb`.`Symptom` (`id`, `name`) VALUES (49, 'an awkward way of walking');
INSERT INTO `mydb`.`Symptom` (`id`, `name`) VALUES (50, 'highly arched');
INSERT INTO `mydb`.`Symptom` (`id`, `name`) VALUES (51, 'numbness in the hands');
INSERT INTO `mydb`.`Symptom` (`id`, `name`) VALUES (52, 'very flat feet');
INSERT INTO `mydb`.`Symptom` (`id`, `name`) VALUES (53, 'numbness in the arms');
INSERT INTO `mydb`.`Symptom` (`id`, `name`) VALUES (54, 'numbness in the feet');
INSERT INTO `mydb`.`Symptom` (`id`, `name`) VALUES (55, 'pain in one of legs');
INSERT INTO `mydb`.`Symptom` (`id`, `name`) VALUES (56, 'swelling in one of legs');
INSERT INTO `mydb`.`Symptom` (`id`, `name`) VALUES (57, 'tenderness in one of legs');
INSERT INTO `mydb`.`Symptom` (`id`, `name`) VALUES (58, 'a heavy ache in the affected area');
INSERT INTO `mydb`.`Symptom` (`id`, `name`) VALUES (59, 'warm skin in the area of the clot');

COMMIT;


-- -----------------------------------------------------
-- Data for table `mydb`.`Treatment`
-- -----------------------------------------------------
START TRANSACTION;
USE `mydb`;
INSERT INTO `mydb`.`Treatment` (`id`, `name`) VALUES (1, 'painkiller');
INSERT INTO `mydb`.`Treatment` (`id`, `name`) VALUES (2, 'ankle support');
INSERT INTO `mydb`.`Treatment` (`id`, `name`) VALUES (3, 'x-ray');
INSERT INTO `mydb`.`Treatment` (`id`, `name`) VALUES (4, 'supportive boot');
INSERT INTO `mydb`.`Treatment` (`id`, `name`) VALUES (5, 'splint or plaster');
INSERT INTO `mydb`.`Treatment` (`id`, `name`) VALUES (6, 'surgery');
INSERT INTO `mydb`.`Treatment` (`id`, `name`) VALUES (7, 'resting your heel');
INSERT INTO `mydb`.`Treatment` (`id`, `name`) VALUES (8, 'regular stretching');
INSERT INTO `mydb`.`Treatment` (`id`, `name`) VALUES (9, 'wearing well fitted shoes');
INSERT INTO `mydb`.`Treatment` (`id`, `name`) VALUES (10, 'using supportive devices');
INSERT INTO `mydb`.`Treatment` (`id`, `name`) VALUES (11, 'losing weight');
INSERT INTO `mydb`.`Treatment` (`id`, `name`) VALUES (12, 'taking regular exercise');
INSERT INTO `mydb`.`Treatment` (`id`, `name`) VALUES (13, 'raising your legs three to four times a day');
INSERT INTO `mydb`.`Treatment` (`id`, `name`) VALUES (14, 'avoiding standing for long periods of time');
INSERT INTO `mydb`.`Treatment` (`id`, `name`) VALUES (15, 'lifestyle changes');
INSERT INTO `mydb`.`Treatment` (`id`, `name`) VALUES (16, 'medication');
INSERT INTO `mydb`.`Treatment` (`id`, `name`) VALUES (17, 'price therapy');
INSERT INTO `mydb`.`Treatment` (`id`, `name`) VALUES (18, 'avoiding harm');
INSERT INTO `mydb`.`Treatment` (`id`, `name`) VALUES (19, 'physiotherapy');
INSERT INTO `mydb`.`Treatment` (`id`, `name`) VALUES (20, 'self-help measures');
INSERT INTO `mydb`.`Treatment` (`id`, `name`) VALUES (21, 'emollients');
INSERT INTO `mydb`.`Treatment` (`id`, `name`) VALUES (22, 'topical corticosteroids');
INSERT INTO `mydb`.`Treatment` (`id`, `name`) VALUES (23, 'compression stockings');
INSERT INTO `mydb`.`Treatment` (`id`, `name`) VALUES (24, 'ice pack');
INSERT INTO `mydb`.`Treatment` (`id`, `name`) VALUES (25, 'immobilisation');
INSERT INTO `mydb`.`Treatment` (`id`, `name`) VALUES (26, 'reduction');
INSERT INTO `mydb`.`Treatment` (`id`, `name`) VALUES (27, 'physiotherapy');
INSERT INTO `mydb`.`Treatment` (`id`, `name`) VALUES (28, 'occupational therapy');
INSERT INTO `mydb`.`Treatment` (`id`, `name`) VALUES (29, 'walking aids');
INSERT INTO `mydb`.`Treatment` (`id`, `name`) VALUES (30, 'certain types of exercise');
INSERT INTO `mydb`.`Treatment` (`id`, `name`) VALUES (31, 'anticoagulant medicines');

COMMIT;

